supplier_name,lead_time_avg,defect_rate_avg,costs_total,cluster,cluster_label,on_time_delivery,quality_score,cost_efficiency,total_orders
Supplier 1,14.77777777777778,1.8036297116882527,15520.980745467825,2,"💰 High Performance, High Cost",90.80510248913285,98.19637028831174,92.27144036269281,439
Supplier 2,18.545454545454547,2.3627501450718813,11330.599297914963,0,⚠️  Budget with Quality Issues,97.64686990512482,97.63724985492811,94.70020107119899,102
Supplier 3,20.133333333333333,2.46578603076447,7032.001523022524,0,⚠️  Budget with Quality Issues,90.07857225681647,97.53421396923552,77.22344626429292,209
Supplier 4,15.22222222222222,2.3373974005913394,9392.587517311267,1,⚠️  Budget with Quality Issues,86.75015148125782,97.66260259940866,73.59006814136778,429
Supplier 5,18.05555555555556,2.665408344149201,9648.409132097531,0,⚠️  Budget with Quality Issues,87.0162850127238,97.3345916558508,82.05530704390523,91
