bulan,proyeksi
Jan 2026,24457.621132864442
Feb 2026,24402.985144885726
Mar 2026,24348.349156907007
